,mean,median,25th,75th
0,0.9365999265704923,0.9636846780776978,0.9376473426818848,0.9757813513278961
